{"loss": -153.5578155517578, "_timestamp": 1700734183.0526462, "_runtime": 77.92153120040894, "_step": 35, "_wandb": {"runtime": 76}}