{"loss": 59.122047424316406, "_timestamp": 1700735955.8418367, "_runtime": 64.93175077438354, "_step": 29, "_wandb": {"runtime": 64}}