{"loss": 141.7061004638672, "_timestamp": 1700736855.781535, "_runtime": 570.0995788574219, "_step": 355, "_wandb": {"runtime": 569}}