{"loss": Infinity, "_timestamp": 1700734273.786835, "_runtime": 62.20622992515564, "_step": 29, "_wandb": {"runtime": 61}}