{"loss": NaN, "_timestamp": 1700738449.1581602, "_runtime": 528.8154311180115, "_step": 53, "_wandb": {"runtime": 527}}