{"loss": Infinity, "_timestamp": 1700735921.2522166, "_runtime": 30.07227063179016, "_step": 8}