{"loss": 0.16134947538375854, "_timestamp": 1704446562.8430333, "_runtime": 102141.81696534157, "_step": 9999, "_wandb": {"runtime": 102141}}