{"loss": 2.513625383377075, "_timestamp": 1704368377.4843848, "_runtime": 23956.45831680298, "_step": 2362}