{"loss": -4.302567005157471, "_timestamp": 1700735433.4594626, "_runtime": 1068.15123462677, "_step": 568, "_wandb": {"runtime": 1067}}