{"loss": 50.208736419677734, "_timestamp": 1703766855.536458, "_runtime": 273.640743970871, "_step": 21, "_wandb": {"runtime": 272}}